date,open,high,low,close,volume,amount,pctChg
2022-08-18,16.45,19.74,16.45,19.74,702733.0,13800757.42,43.9825
2022-08-19,21.71,21.71,21.71,21.71,205085.0,4452395.35,9.9797
2022-08-22,23.88,23.88,23.88,23.88,118159.0,2821636.92,9.9954
2022-08-23,26.27,26.27,26.27,26.27,132475.0,3480118.25,10.0084
2022-08-24,28.9,28.9,28.9,28.9,433181.0,12518930.9,10.0114
2022-08-25,31.79,31.79,31.79,31.79,309357.0,9834459.03,10.0
2022-08-26,34.97,34.97,34.97,34.97,3402289.0,118978046.33,10.0031
2022-08-29,38.47,38.47,38.47,38.47,1286225.0,49481075.75,10.0086
2022-08-30,40.2,42.32,40.1,42.32,12456998.0,513887826.63,10.0078
2022-08-31,43.7,46.55,41.3,46.55,24533243.0,1080338107.76,9.9953
2022-09-01,43.0,43.65,41.9,41.94,11649460.0,489989970.74,-9.9033
2022-09-02,41.2,41.96,37.75,37.75,17181568.0,672205866.96,-9.9905
2022-09-05,37.01,38.77,37.01,38.32,11124951.0,421677590.33,1.5099
2022-09-06,37.65,37.96,34.65,35.85,13519435.0,483639782.78,-6.4457
2022-09-07,35.84,36.63,35.11,35.41,10473283.0,374472755.89,-1.2273
2022-09-08,35.0,36.1,33.78,33.83,10747428.0,375775163.33,-4.462
2022-09-09,33.71,34.25,32.7,32.86,7003887.0,232723870.74,-2.8673
2022-09-13,32.66,34.98,32.66,33.94,9326195.0,315909860.28,3.2867
2022-09-14,33.02,34.88,33.01,34.53,8417541.0,288045412.24,1.7384
2022-09-15,34.3,34.5,31.08,31.08,9654318.0,310118933.9,-9.9913
2022-09-16,31.4,32.18,31.03,31.58,6204576.0,196177470.52,1.6088
2022-09-19,30.66,31.26,29.2,30.71,4266224.0,130064256.09,-2.7549
2022-09-20,31.13,31.87,30.94,31.48,4430535.0,139225767.34,2.5073
2022-09-21,31.26,33.18,31.11,31.77,6528510.0,211824301.53,0.9212
2022-09-22,31.98,34.95,31.98,34.95,5159214.0,175904328.03,10.0094
2022-09-23,36.01,36.01,33.34,33.77,14040208.0,483435559.19,-3.3763
2022-09-26,33.3,34.52,32.36,33.16,8000856.0,266819932.92,-1.8063
2022-09-27,33.16,36.48,32.6,34.9,13950793.0,489313460.29,5.2473
2022-09-28,35.04,36.77,34.21,35.0,12216175.0,433056755.98,0.2865
2022-09-29,33.79,35.18,31.5,31.5,10641526.0,350471256.41,-10.0
2022-09-30,30.0,30.48,28.58,28.58,8963797.0,264952279.98,-9.2698
2022-10-10,29.48,30.33,29.08,29.28,5871428.0,174121492.62,2.4493
2022-10-11,29.38,30.61,28.72,30.59,4423521.0,131418644.89,4.474
2022-10-12,30.5,31.74,29.71,31.34,4679683.0,144424885.25,2.4518
2022-10-13,30.91,33.29,30.7,32.73,4649889.0,149742714.11,4.4352
2022-10-14,33.08,33.08,32.01,32.35,3777015.0,122916518.4,-1.161
2022-10-17,32.24,32.9,31.6,32.44,3329760.0,107304651.28,0.2782
2022-10-18,32.5,32.5,31.0,31.05,4414638.0,138669921.74,-4.2848
2022-10-19,31.0,31.36,29.81,29.88,3604315.0,109260208.78,-3.7681
2022-10-20,29.99,32.87,29.89,32.87,3249872.0,104186293.18,10.0067
2022-10-21,32.8,33.3,30.0,31.08,8712154.0,274267100.25,-5.4457
2022-10-24,30.99,32.01,30.18,30.4,5492041.0,169821787.51,-2.1879
2022-10-25,30.84,30.99,28.1,29.11,5556706.0,161099610.37,-4.2434
2022-10-26,29.12,29.93,28.99,29.3,3921829.0,115565865.07,0.6527
2022-10-27,29.02,29.33,28.39,28.41,3703938.0,106565907.42,-3.0375
2022-10-28,27.29,27.29,25.85,26.01,5430797.0,142664051.1,-8.4477
2022-10-31,25.49,26.94,25.49,26.34,3451945.0,91512764.78,1.2687
2022-11-01,26.35,26.95,26.25,26.91,3001216.0,79902922.37,2.164
2022-11-02,26.74,27.45,26.69,27.4,3337389.0,90424635.69,1.8209
2022-11-03,27.41,27.41,26.66,27.17,2813400.0,76081669.53,-0.8394
2022-11-04,27.17,27.64,27.0,27.53,2770895.0,75952849.42,1.325
2022-11-07,27.25,28.27,27.25,28.14,3447566.0,96150195.98,2.2158
2022-11-08,28.02,28.28,27.68,27.96,2178329.0,60865364.57,-0.6397
2022-11-09,27.81,28.37,27.72,27.91,2037897.0,57133107.73,-0.1788
2022-11-10,27.8,28.26,27.61,28.0,1948834.0,54469117.07,0.3225
2022-11-11,28.38,28.5,27.68,27.69,2632831.0,73719882.23,-1.1071
2022-11-14,27.69,28.47,27.2,28.22,2770707.0,77618851.19,1.914
2022-11-15,27.93,28.7,27.88,28.55,2720677.0,77176851.72,1.1694
2022-11-16,28.58,29.55,28.4,28.76,3189500.0,92043404.48,0.7356
2022-11-17,28.69,28.77,27.96,28.31,2141869.0,60447258.08,-1.5647
2022-11-18,28.32,29.15,27.77,27.79,2620296.0,74205583.69,-1.8368
2022-11-21,27.46,27.55,26.65,27.49,1738170.0,47257757.52,-1.0795
2022-11-22,27.92,28.9,27.6,27.76,3290598.0,92752150.39,0.9822
2022-11-23,28.0,28.1,26.44,26.96,2713481.0,73160082.11,-2.8818
2022-11-24,26.87,27.98,26.87,27.23,1817121.0,49864494.44,1.0015
2022-11-25,27.19,27.47,26.36,26.4,2298211.0,61631472.2,-3.0481
2022-11-28,26.25,26.55,25.62,26.48,1448405.0,37996005.23,0.303
2022-11-29,26.19,27.26,26.19,27.07,1755540.0,47041124.1,2.2281
2022-11-30,27.21,27.25,26.41,26.59,1646008.0,43926330.41,-1.7732
2022-12-01,26.8,28.24,26.8,27.35,3504426.0,96244531.68,2.8582
2022-12-02,27.4,28.18,27.25,27.79,2589173.0,71696292.58,1.6088
2022-12-05,27.82,28.1,27.35,27.7,1886879.0,52112863.04,-0.3239
2022-12-06,27.69,30.45,27.4,29.85,7850965.0,229284557.71,7.7617
2022-12-07,29.25,29.41,28.4,28.87,4423857.0,127020235.17,-3.2831
2022-12-08,28.5,28.7,28.2,28.38,2702300.0,76780619.0,-1.6973
2022-12-09,28.36,28.73,28.02,28.36,2443408.0,69203885.08,-0.0705
2022-12-12,28.09,28.32,27.72,27.77,2054967.0,57277245.62,-2.0804
2022-12-13,27.88,27.9,27.16,27.17,2735734.0,75168769.88,-2.1606
2022-12-14,27.0,27.3,26.7,26.79,2310026.0,62299328.33,-1.3986
2022-12-15,26.94,27.39,26.75,27.07,1685686.0,45537593.36,1.0452
2022-12-16,26.9,26.9,26.14,26.21,2120311.0,56128583.16,-3.1769
2022-12-19,26.15,26.47,25.78,25.82,1494502.0,38893716.24,-1.488
2022-12-20,25.83,25.92,25.44,25.63,1300445.0,33478130.34,-0.7359
2022-12-21,25.6,25.71,24.8,24.97,2164000.0,54505962.0,-2.5751
2022-12-22,25.0,25.79,24.8,24.98,1961031.0,49437610.16,0.04
2022-12-23,24.64,25.1,24.4,24.6,1602071.0,39496418.89,-1.5212
2022-12-26,24.57,25.27,24.44,25.14,1295439.0,32381459.51,2.1951
2022-12-27,25.14,25.58,24.81,25.4,1626252.0,41023512.39,1.0342
2022-12-28,25.23,25.99,24.76,25.34,2779511.0,70634843.15,-0.2362
2022-12-29,25.01,25.14,24.64,24.71,1790034.0,44562174.34,-2.4862
2022-12-30,24.81,24.98,24.6,24.79,891338.0,22078499.52,0.3238
2023-01-03,24.85,25.48,24.69,25.27,1582979.0,39687688.38,1.9363
2023-01-04,25.25,25.73,25.11,25.43,1737838.0,44178262.26,0.6332
2023-01-05,25.45,25.55,25.09,25.48,1304704.0,33100283.22,0.1966
2023-01-06,25.45,25.78,25.3,25.68,1878013.0,47987295.16,0.7849
2023-01-09,25.7,25.84,25.36,25.68,1685738.0,43105864.0,0.0
2023-01-10,25.65,25.68,25.1,25.12,1713442.0,43397467.22,-2.1807
2023-01-11,25.12,25.34,24.62,24.7,1715033.0,42748682.32,-1.672
2023-01-12,24.88,25.3,24.74,24.76,1335500.0,33364263.0,0.2429
2023-01-13,24.88,25.17,24.69,24.9,1150677.0,28662783.54,0.5654
2023-01-16,24.96,25.88,24.92,25.62,2566281.0,65473466.7,2.8916
2023-01-17,25.64,25.79,25.31,25.39,986602.0,25169562.94,-0.8977
2023-01-18,25.45,25.63,25.26,25.44,914900.0,23268338.0,0.1969
2023-01-19,25.46,25.52,25.26,25.46,852600.0,21668967.0,0.0786
2023-01-20,25.46,25.86,25.28,25.64,1054114.0,27000689.1,0.707
2023-01-30,25.92,26.36,25.78,26.23,2926836.0,76528858.34,2.3011
2023-01-31,26.23,26.53,26.08,26.37,1819479.0,47822823.02,0.5337
2023-02-01,26.4,26.7,26.21,26.68,1831034.0,48511378.81,1.1756
2023-02-02,26.67,26.92,26.59,26.82,2233334.0,59791479.5,0.5247
2023-02-03,26.63,26.89,26.3,26.72,1733534.0,46033775.4,-0.3729
2023-02-06,26.67,26.67,26.26,26.33,1161277.0,30662163.56,-1.4596
2023-02-07,26.3,26.76,26.3,26.7,1665534.0,44225090.24,1.4052
2023-02-08,26.68,26.77,26.18,26.3,1140843.0,30161472.38,-1.4981
2023-02-09,26.46,26.83,26.1,26.74,1468700.0,39032530.0,1.673
2023-02-10,26.89,27.9,26.74,27.58,4530115.0,124416525.65,3.1414
2023-02-13,27.78,27.9,27.38,27.6,2528700.0,69756194.8,0.0725
2023-02-14,27.59,27.62,27.19,27.3,1429300.0,39107131.0,-1.087
2023-02-15,27.37,27.39,27.06,27.18,1135000.0,30845159.0,-0.4396
2023-02-16,27.2,27.41,26.05,26.29,2710634.0,72951216.68,-3.2745
2023-02-17,26.59,27.1,26.11,26.19,2052530.0,54409362.7,-0.3804
2023-02-20,26.19,26.75,26.03,26.68,1534685.0,40459443.71,1.8709
2023-02-21,26.79,26.85,26.41,26.55,1177468.0,31343983.44,-0.4873
2023-02-22,26.5,27.32,26.31,27.19,2379333.0,64226880.39,2.4105
2023-02-23,27.0,28.48,26.98,27.7,4971990.0,137899129.13,1.8757
2023-02-24,28.0,28.98,27.58,28.49,6179993.0,175266819.74,2.852
2023-02-27,28.28,28.38,27.5,27.56,3583762.0,99755545.66,-3.2643
2023-02-28,27.6,27.68,27.2,27.56,1931300.0,53005870.76,0.0
2023-03-01,27.5,27.71,27.21,27.63,2110468.0,57990673.76,0.254
2023-03-02,27.6,27.68,27.15,27.18,2249312.0,61523580.8,-1.6287
2023-03-03,27.23,27.3,26.76,27.16,1547430.0,41834230.88,-0.0736
2023-03-06,27.2,27.65,26.93,27.49,2152077.0,58731569.4,1.215
2023-03-07,27.49,27.55,26.5,26.51,2890334.0,77662934.66,-3.5649
2023-03-08,26.38,26.67,26.3,26.55,908177.0,24056248.74,0.1509
2023-03-09,26.55,26.6,26.31,26.4,1001900.0,26455194.0,-0.565
2023-03-10,26.25,26.34,25.55,25.57,2091977.0,53976010.92,-3.1439
2023-03-13,25.69,25.75,25.14,25.5,987168.0,25081288.32,-0.2738
2023-03-14,25.3,25.43,24.68,24.83,1631577.0,40729407.63,-2.6275
2023-03-15,25.11,25.22,24.99,25.16,896334.0,22515498.38,1.329
2023-03-16,25.0,25.14,24.76,24.8,773777.0,19281015.68,-1.4308
2023-03-17,24.85,25.18,24.85,25.1,1341588.0,33613670.26,1.2097
2023-03-20,24.99,24.99,24.11,24.4,1818883.0,44294998.34,-2.7888
2023-03-21,24.55,25.14,24.36,25.09,1429288.0,35543643.26,2.8279
2023-03-22,25.09,25.38,25.01,25.08,843034.0,21203353.2,-0.0399
2023-03-23,24.92,25.2,24.66,24.88,791960.0,19665372.8,-0.7974
2023-03-24,24.86,25.31,24.83,24.98,1012534.0,25410815.04,0.4019
2023-03-27,24.98,25.14,24.51,24.7,935518.0,23133152.94,-1.1209
2023-03-28,24.7,24.7,24.39,24.46,780510.0,19157041.13,-0.9717
2023-03-29,24.5,24.61,24.39,24.41,535461.0,13092887.47,-0.2044
2023-03-30,24.36,24.54,24.21,24.51,599406.0,14610718.22,0.4097
2023-03-31,24.51,24.84,24.48,24.78,776505.0,19194865.65,1.1016
2023-04-03,24.9,24.9,24.7,24.89,763465.0,18938395.05,0.4439
2023-04-04,24.95,24.97,24.4,24.48,1114760.0,27404914.0,-1.6472
2023-04-06,24.48,24.52,24.24,24.26,850334.0,20676678.16,-0.8987
2023-04-07,24.29,24.7,24.25,24.6,751488.0,18440612.92,1.4015
2023-04-10,24.51,24.6,24.16,24.28,952500.0,23226655.0,-1.3008
2023-04-11,24.29,24.4,24.11,24.4,511560.0,12420934.4,0.4942
2023-04-12,24.55,24.63,24.31,24.47,574505.0,14040798.73,0.2869
2023-04-13,24.47,24.51,24.2,24.29,611456.0,14880628.72,-0.7356
2023-04-14,24.46,24.46,24.16,24.19,586533.0,14228238.29,-0.4117
2023-04-17,24.14,24.26,24.12,24.24,633600.0,15317766.0,0.2067
2023-04-18,24.32,24.79,24.23,24.74,1715300.0,42261415.36,2.0627
2023-04-19,24.61,25.22,24.49,25.05,1700112.0,42331285.27,1.253
2023-04-20,24.88,24.97,24.3,24.36,1472754.0,36184049.68,-2.7545
2023-04-21,24.3,24.36,22.21,22.42,3549537.0,81581198.41,-7.9639
2023-04-24,22.4,22.4,21.56,21.98,1135092.0,24945336.23,-1.9625
2023-04-25,21.89,21.97,20.5,21.42,2552700.0,53887276.75,-2.5478
2023-04-26,21.2,21.59,21.06,21.41,771777.0,16513817.12,-0.0467
2023-04-27,21.42,21.57,21.01,21.06,827595.0,17603726.25,-1.6348
2023-04-28,21.03,22.12,21.03,21.89,1313221.0,28518787.34,3.9411
2023-05-04,21.9,22.03,21.62,21.9,441728.0,9642603.0,0.0457
2023-05-05,22.01,22.22,21.7,21.85,803911.0,17583532.23,-0.2283
2023-05-08,21.75,21.86,21.62,21.68,559149.0,12134150.94,-0.778
2023-05-09,21.68,21.83,21.0,21.04,1139861.0,24190787.35,-2.952
2023-05-10,21.11,21.25,20.81,21.02,566634.0,11900771.26,-0.0951
2023-05-11,21.1,21.3,20.95,21.23,539811.0,11417131.76,0.999
2023-05-12,21.22,21.47,21.03,21.06,426900.0,9062454.0,-0.8008
2023-05-15,21.11,21.16,20.66,21.08,506600.0,10574064.0,0.095
2023-05-16,21.07,21.09,20.76,20.86,417300.0,8715256.0,-1.0436
2023-05-17,20.75,21.27,20.75,21.07,474400.0,9998178.0,1.0067
2023-05-18,21.25,21.25,21.0,21.17,450877.0,9525598.47,0.4746
2023-05-19,21.2,21.48,21.08,21.4,665077.0,14167074.59,1.0864
2023-05-22,21.34,21.54,21.27,21.42,428277.0,9146819.92,0.0935
2023-05-23,21.55,22.29,21.4,21.62,1096011.0,23884872.52,0.9337
2023-05-24,21.4,22.05,21.27,21.78,713049.0,15505153.83,0.7401
2023-05-25,21.76,21.76,21.3,21.69,723477.0,15584480.89,-0.4132
2023-05-26,21.69,21.73,21.36,21.65,469500.0,10122007.0,-0.1844
2023-05-29,21.66,21.78,21.22,21.33,657700.0,14080758.67,-1.4781
2023-05-30,21.33,21.49,21.19,21.37,400834.0,8559391.16,0.1875
2023-05-31,21.39,21.55,21.25,21.5,415934.0,8900607.58,0.6083
2023-06-01,21.4,21.87,21.4,21.77,573938.0,12458632.98,1.2558
2023-06-02,21.79,22.24,21.68,22.17,770347.0,17010634.94,1.8374
2023-06-05,22.32,22.32,21.92,22.16,467134.0,10302613.02,-0.0451
2023-06-06,22.09,22.1,21.7,21.82,537034.0,11749999.98,-1.5343
2023-06-07,21.76,21.9,21.64,21.76,388300.0,8442541.3,-0.275
2023-06-08,21.82,21.99,21.65,21.75,472400.0,10311367.0,-0.046
2023-06-09,21.94,21.94,21.48,21.66,503977.0,10913784.36,-0.4138
2023-06-12,21.55,22.12,21.39,22.04,620879.0,13576637.85,1.7544
2023-06-13,22.0,22.38,21.83,21.9,637300.0,14019186.0,-0.6352
2023-06-14,21.9,21.9,21.3,21.41,1009234.0,21736651.7,-2.2374
2023-06-15,21.32,21.5,21.18,21.31,723800.0,15424346.0,-0.4671
2023-06-16,21.43,21.7,21.32,21.58,587900.0,12685971.0,1.267
2023-06-19,21.5,21.72,21.15,21.2,709411.0,15122335.38,-1.7609
2023-06-20,21.28,21.28,20.88,21.01,594752.0,12494298.96,-0.8962
2023-06-21,21.0,21.13,20.6,20.66,835100.0,17316010.0,-1.6659
2023-06-26,20.68,20.75,20.25,20.33,625175.0,12789861.75,-1.5973
2023-06-27,14.21,14.58,14.03,14.58,953517.0,13743719.43,2.3876
2023-06-28,14.57,14.61,14.19,14.55,722221.0,10424847.14,-0.2058
2023-06-29,14.65,14.9,14.52,14.8,910300.0,13450501.6,1.7182
2023-06-30,14.8,15.24,14.8,15.13,1277540.0,19312984.09,2.2297
2023-07-03,15.13,15.37,15.09,15.16,836728.0,12738494.68,0.1983
2023-07-04,15.28,15.34,15.09,15.19,616254.0,9358079.16,0.1979
2023-07-05,15.25,15.25,15.05,15.09,386300.0,5840072.8,-0.6583
2023-07-06,15.09,15.18,14.98,15.06,536266.0,8073717.8,-0.1988
2023-07-07,15.15,15.15,14.94,15.09,353720.0,5324345.4,0.1992
2023-07-10,15.2,15.32,15.14,15.26,640708.0,9764055.32,1.1266
2023-07-11,15.27,15.32,15.23,15.29,498033.0,7611807.38,0.1966
2023-07-12,15.29,15.31,15.05,15.05,590680.0,8947829.8,-1.5697
2023-07-13,15.22,15.53,15.12,15.35,1082908.0,16588488.92,1.9934
2023-07-14,15.35,15.43,15.23,15.27,732217.0,11223068.13,-0.5212
2023-07-17,15.21,15.37,15.03,15.36,632775.0,9648711.52,0.5894
2023-07-18,15.37,15.43,15.21,15.41,561662.0,8612021.28,0.3255
2023-07-19,15.33,15.72,15.3,15.72,923040.0,14313122.8,2.0117
2023-07-20,15.7,16.35,15.42,15.52,4200988.0,66750302.89,-1.2723
2023-07-21,15.51,15.88,15.28,15.77,3328213.0,52111385.1,1.6108
2023-07-24,15.7,15.8,15.21,15.79,2770765.0,42911015.5,0.1268
2023-07-25,15.71,16.17,15.58,15.66,2099420.0,33064173.4,-0.8233
2023-07-26,15.56,16.08,15.55,15.82,3204904.0,50874482.12,1.0217
2023-07-27,15.76,15.85,15.46,15.7,1790088.0,27956861.6,-0.7585
2023-07-28,15.65,15.87,15.52,15.66,1780014.0,28016542.7,-0.2548
2023-07-31,15.64,16.1,15.58,15.97,2903740.0,46141067.31,1.9796
2023-08-01,15.97,15.99,15.73,15.78,1891983.0,29964961.32,-1.1897
2023-08-02,15.7,15.82,15.52,15.69,1559120.0,24393250.8,-0.5703
2023-08-03,15.61,15.78,15.56,15.68,1333648.0,20914995.08,-0.0637
2023-08-04,15.65,15.76,15.56,15.57,1663360.0,26054849.2,-0.7015
2023-08-07,15.5,15.64,15.4,15.42,1241060.0,19253076.4,-0.9634
2023-08-08,15.42,15.48,15.24,15.33,1325500.0,20357885.6,-0.5837
2023-08-09,15.37,15.37,15.21,15.27,869180.0,13314932.4,-0.3914
2023-08-10,15.27,15.59,15.25,15.38,1236000.0,19027688.76,0.7204
2023-08-11,15.4,15.56,15.08,15.08,1741920.0,26729518.18,-1.9506
2023-08-14,15.09,15.32,14.81,15.24,1503648.0,22783508.8,1.061
2023-08-15,15.25,16.76,15.14,16.76,6863762.0,111514227.64,9.9738
2023-08-16,16.59,17.62,16.59,16.95,15920878.0,272477150.0,1.1337
2023-08-17,16.38,16.9,16.38,16.8,9082393.0,150996176.58,-0.885
2023-08-18,16.78,16.94,16.03,16.13,6930059.0,114362194.44,-3.9881
2023-08-21,16.36,16.58,16.01,16.43,5463569.0,89575603.55,1.8599
2023-08-22,16.23,16.3,14.79,14.88,9251508.0,141518877.86,-9.434
2023-08-23,14.86,14.88,14.07,14.16,6059651.0,86930477.42,-4.8387
2023-08-24,14.11,14.16,13.38,13.52,4828948.0,65864072.4,-4.5198
2023-08-25,13.72,13.76,12.97,13.08,4203173.0,56000461.31,-3.2544
2023-08-28,13.75,13.79,13.32,13.34,4107598.0,55662638.74,1.9878
2023-08-29,13.25,14.01,13.24,13.99,3365888.0,46493107.2,4.8726
2023-08-30,13.99,14.41,13.98,14.3,2801018.0,39966178.18,2.2159
2023-08-31,14.3,14.66,14.15,14.52,2627520.0,37926116.37,1.5385
2023-09-01,14.38,14.98,14.38,14.95,2668441.0,39520159.2,2.9614
2023-09-04,14.95,15.14,14.76,15.05,2023500.0,30263129.6,0.6689
2023-09-05,15.13,15.29,14.97,15.09,1685720.0,25490552.4,0.2658
2023-09-06,15.09,15.22,14.96,15.03,1302580.0,19631111.0,-0.3976
2023-09-07,15.03,15.2,15.0,15.04,1554781.0,23461783.0,0.0665
2023-09-08,15.02,15.08,14.72,14.87,1237400.0,18400426.6,-1.1303
2023-09-11,14.9,15.0,14.7,14.77,1297788.0,19257378.44,-0.6725
2023-09-12,14.8,14.82,14.55,14.6,1105440.0,16225310.6,-1.151
2023-09-13,14.6,14.6,14.27,14.44,716820.0,10331254.0,-1.0959
2023-09-14,14.48,14.63,14.17,14.27,1070480.0,15376466.4,-1.1773
2023-09-15,14.39,14.52,14.15,14.27,1228696.0,17565029.32,0.0
2023-09-18,14.26,14.95,14.24,14.87,1776260.0,26111552.2,4.2046
2023-09-19,14.88,14.89,14.43,14.46,945835.0,13775883.65,-2.7572
2023-09-20,14.35,14.68,14.35,14.5,1253040.0,18242798.4,0.2766
2023-09-21,14.42,14.57,14.18,14.26,987270.0,14122206.5,-1.6552
2023-09-22,14.27,14.35,14.12,14.33,788700.0,11250433.6,0.4909
2023-09-25,14.33,14.41,14.11,14.3,1108144.0,15792579.8,-0.2094
2023-09-26,14.29,14.46,14.1,14.28,826067.0,11794639.52,-0.1399
2023-09-27,14.26,14.5,14.11,14.38,1277296.0,18340183.32,0.7003
2023-09-28,14.4,14.67,14.35,14.61,1058903.0,15409551.91,1.5994
2023-10-09,14.61,14.69,14.18,14.25,1183495.0,16966303.9,-2.4641
2023-10-10,14.3,14.43,14.11,14.17,843300.0,11980788.0,-0.5614
2023-10-11,14.11,14.37,14.05,14.17,1342980.0,19144458.6,0.0
2023-10-12,14.32,14.32,13.84,14.04,1205660.0,16868717.0,-0.9174
2023-10-13,13.98,14.01,13.7,13.83,1092560.0,15099680.0,-1.4957
2023-10-16,13.83,14.2,13.83,13.92,1852298.0,25954361.52,0.6508
2023-10-17,14.05,14.07,13.76,13.94,823040.0,11449958.4,0.1437
2023-10-18,14.09,14.09,13.58,13.59,1123906.0,15373195.36,-2.5108
2023-10-19,13.6,14.1,13.5,13.72,1171280.0,16205707.8,0.9566
2023-10-20,13.72,14.01,13.62,13.67,674080.0,9261092.2,-0.3644
2023-10-23,13.67,13.8,13.27,13.36,997508.0,13420975.12,-2.2677
2023-10-24,13.41,14.14,13.38,14.07,1582900.0,22011659.59,5.3144
2023-10-25,14.26,14.26,13.92,14.11,904067.0,12735634.76,0.2843
2023-10-26,14.03,14.17,13.87,14.15,946827.0,13282155.9,0.2835
2023-10-27,14.25,14.55,13.95,14.52,1412680.0,20258440.2,2.6148
2023-10-30,14.54,14.69,14.41,14.65,1275658.0,18621669.12,0.8953
2023-10-31,14.76,14.76,14.49,14.61,1948531.0,28422612.15,-0.273
2023-11-01,14.65,14.86,14.48,14.83,1598200.0,23518811.18,1.5058
2023-11-02,14.79,14.9,14.55,14.75,1082780.0,15947629.2,-0.5394
2023-11-03,14.75,14.85,14.6,14.64,1131529.0,16645732.09,-0.7458
2023-11-06,14.73,15.02,14.67,14.96,1907676.0,28259101.68,2.1858
2023-11-07,14.96,15.1,14.76,14.96,1530864.0,22922236.56,0.0
2023-11-08,14.95,14.98,14.82,14.9,912848.0,13601516.76,-0.4011
2023-11-09,14.97,14.97,14.75,14.82,1008216.0,14953793.6,-0.5369
2023-11-10,14.89,15.02,14.62,14.98,986866.0,14687805.48,1.0796
2023-11-13,15.0,15.3,14.89,15.27,1679220.0,25324450.98,1.9359
2023-11-14,15.18,15.66,15.12,15.4,1806802.0,27694836.44,0.8513
2023-11-15,15.59,15.66,15.27,15.5,1850320.0,28658910.2,0.6494
2023-11-16,15.5,15.79,15.3,15.32,1794240.0,27774241.12,-1.1613
2023-11-17,15.37,15.41,15.08,15.31,1349740.0,20665175.8,-0.0653
2023-11-20,15.3,15.33,14.94,15.3,1270200.0,19237978.0,-0.0653
2023-11-21,15.36,15.43,15.21,15.24,930280.0,14250409.4,-0.3922
2023-11-22,15.13,15.4,15.12,15.28,1406600.0,21486961.4,0.2625
2023-11-23,15.23,15.32,15.15,15.21,972840.0,14791508.0,-0.4581
2023-11-24,15.23,15.26,14.98,15.07,820410.0,12364237.9,-0.9204
2023-11-27,15.06,15.16,14.92,15.05,984005.0,14773509.8,-0.1327
2023-11-28,15.0,15.25,14.99,15.15,888528.0,13471885.56,0.6645
2023-11-29,15.17,15.3,15.12,15.17,825900.0,12544510.93,0.132
2023-11-30,15.16,15.24,15.02,15.22,889668.0,13457113.04,0.3296
2023-12-01,15.24,15.29,15.06,15.15,699240.0,10612578.0,-0.4599
2023-12-04,15.21,15.28,15.1,15.17,638528.0,9697333.76,0.132
2023-12-05,15.18,15.28,15.02,15.03,1000660.0,15136329.0,-0.9229
2023-12-06,14.99,15.31,14.91,15.27,1144840.0,17389092.6,1.5968
2023-12-07,15.27,15.27,15.09,15.22,925628.0,14055577.2,-0.3274
2023-12-08,15.17,15.26,14.6,14.68,1697508.0,25187327.16,-3.548
2023-12-11,14.5,14.98,14.47,14.89,1792709.0,26577191.54,1.4305
2023-12-12,14.87,15.0,14.69,14.92,948840.0,14066186.4,0.2015
2023-12-13,14.93,14.94,14.7,14.71,627948.0,9296685.72,-1.4075
2023-12-14,14.78,14.98,14.73,14.78,910767.0,13533753.25,0.4759
2023-12-15,14.84,14.88,14.62,14.74,688768.0,10120508.68,-0.2706
2023-12-18,14.74,14.95,14.47,14.58,1370636.0,20060872.24,-1.0855
2023-12-19,14.5,14.64,14.42,14.62,1042940.0,15154441.0,0.2743
2023-12-20,14.66,14.85,14.51,14.54,1020066.0,14990834.38,-0.5472
2023-12-21,14.52,14.92,14.33,14.89,1144512.0,16786771.92,2.4072
2023-12-22,14.9,14.9,14.43,14.54,1214004.0,17826909.68,-2.3506
2023-12-25,14.48,14.5,14.03,14.19,1201820.0,17084681.8,-2.4072
2023-12-26,14.2,14.28,14.06,14.12,682500.0,9657256.2,-0.4933
2023-12-27,14.12,14.45,14.08,14.4,692268.0,9869235.36,1.983
2023-12-28,14.55,14.68,14.31,14.59,1005027.0,14619158.51,1.3194
2023-12-29,14.6,14.73,14.53,14.7,774906.0,11352999.23,0.7539
2024-01-02,14.76,15.13,14.76,15.12,1212340.0,18195110.6,2.8571
2024-01-03,15.11,15.13,14.85,14.99,1000620.0,14946677.4,-0.8598
2024-01-04,14.99,15.22,14.89,15.21,1299920.0,19612785.4,1.4676
2024-01-05,15.2,15.27,14.9,15.0,1041100.0,15687616.4,-1.3807
2024-01-08,14.99,15.03,14.65,14.79,1135720.0,16894180.4,-1.4
2024-01-09,14.86,15.12,14.79,14.95,1240060.0,18537307.8,1.0818
2024-01-10,14.96,15.11,14.82,14.91,1133500.0,16943049.4,-0.2676
2024-01-11,14.92,15.05,14.8,15.04,941060.0,14073538.8,0.8719
2024-01-12,14.97,15.29,14.95,15.18,1608193.0,24394111.34,0.9309
2024-01-15,15.1,15.3,15.04,15.18,1320627.0,20009287.77,0.0
2024-01-16,15.19,15.23,14.82,15.08,1477558.0,22170565.4,-0.6588
2024-01-17,15.08,16.2,14.92,15.17,6637178.0,102906694.72,0.5968
2024-01-18,14.8,15.17,14.21,14.87,7023290.0,103199562.23,-1.9776
2024-01-19,14.85,15.48,14.84,15.0,5806400.0,87801729.4,0.8742
2024-01-22,15.15,15.55,13.87,14.1,6843585.0,101960119.75,-6.0
2024-01-23,13.8,13.95,13.25,13.88,4600724.0,62744983.16,-1.5603
2024-01-24,13.81,14.47,13.54,14.1,3323847.0,46616250.69,1.585
2024-01-25,14.1,14.27,13.75,14.24,2414946.0,33891495.86,0.9929
2024-01-26,14.2,14.43,13.75,13.76,2101286.0,29528957.42,-3.3708
2024-01-29,13.77,13.96,13.18,13.25,2280628.0,30629736.2,-3.7064
2024-01-30,12.99,13.19,12.41,12.44,2159288.0,27467589.3,-6.1132
2024-01-31,12.44,12.59,11.66,11.8,2460060.0,29656572.6,-5.1447
2024-02-01,11.59,11.85,11.25,11.75,2580940.0,29891070.2,-0.4237
2024-02-02,11.74,11.92,10.6,10.95,2652062.0,29745453.5,-6.8085
2024-02-05,10.76,10.95,9.86,9.86,3838429.0,38495336.96,-9.9543
2024-02-06,9.7,9.96,8.87,9.6,4782971.0,44556208.86,-2.6369
2024-02-07,9.46,9.73,8.89,9.42,6042820.0,55210514.61,-1.875
2024-02-08,9.48,10.36,9.15,10.36,4902969.0,48091248.53,9.9788
2024-02-19,10.5,10.94,10.3,10.78,4686863.0,50055968.07,4.0541
2024-02-20,10.73,11.05,10.39,10.86,2508789.0,27014283.4,0.7421
2024-02-21,10.88,11.29,10.8,11.07,2587188.0,28745563.28,1.9337
2024-02-22,11.07,11.35,10.99,11.31,1779100.0,19972347.44,2.168
2024-02-23,11.3,11.74,11.3,11.7,1914280.0,22063576.6,3.4483
2024-02-26,11.7,12.15,11.56,12.05,2339420.0,27779128.2,2.9915
2024-02-27,12.08,12.56,11.79,12.55,1790560.0,22032350.6,4.1494
2024-02-28,12.59,12.8,12.07,12.07,3713700.0,45765822.84,-3.8247
2024-02-29,12.01,12.31,11.84,12.19,1873340.0,22742145.0,0.9942
2024-03-01,12.19,12.25,11.9,12.04,1457140.0,17508052.4,-1.2305
2024-03-04,12.09,12.28,11.66,11.76,1752565.0,20660962.57,-2.3256
2024-03-05,11.98,11.98,11.36,11.43,1549640.0,17909779.6,-2.8061
2024-03-06,11.42,11.64,11.21,11.53,1530780.0,17466076.08,0.8749
2024-03-07,11.5,11.69,11.38,11.52,1190360.0,13766868.4,-0.0867
2024-03-08,11.4,11.68,11.4,11.65,1324620.0,15333203.6,1.1285
2024-03-11,11.66,11.76,11.51,11.7,1387660.0,16139850.2,0.4292
2024-03-12,11.72,11.92,11.64,11.91,2036740.0,24105173.0,1.7949
2024-03-13,11.91,11.99,11.76,11.95,1099400.0,13072665.04,0.3359
2024-03-14,11.96,12.05,11.68,11.83,1757920.0,20864230.6,-1.0042
2024-03-15,11.79,12.0,11.76,12.0,1542640.0,18336623.8,1.437
2024-03-18,12.2,12.23,12.0,12.21,1550228.0,18798984.76,1.75
2024-03-19,12.16,12.54,12.16,12.44,2283315.0,28352805.31,1.8837
2024-03-20,12.41,12.63,12.38,12.61,1232468.0,15420374.52,1.3666
2024-03-21,12.64,12.85,12.57,12.76,2166068.0,27549768.24,1.1895
2024-03-22,12.77,12.84,12.39,12.52,1611324.0,20256935.56,-1.8809
2024-03-25,12.4,12.58,12.29,12.32,1366588.0,16964769.64,-1.5974
2024-03-26,12.24,12.41,12.17,12.32,1386320.0,17018839.6,0.0
2024-03-27,12.24,13.55,12.21,13.55,6732200.0,88512066.4,9.9838
2024-03-28,13.44,13.86,12.9,13.45,10615456.0,140560262.09,-0.738
2024-03-29,13.28,13.28,12.85,12.99,5498263.0,71448666.31,-3.4201
2024-04-01,12.99,13.15,12.83,13.09,4691800.0,61071357.0,0.7698
2024-04-02,13.06,13.2,12.83,13.2,4458169.0,58084739.7,0.8403
2024-04-03,13.1,13.15,12.83,12.85,3131368.0,40592719.52,-2.6515
2024-04-08,12.78,12.97,12.42,12.85,3411969.0,43490246.28,0.0
2024-04-09,12.76,13.13,12.56,13.13,3330500.0,42952418.8,2.179
2024-04-10,13.13,13.13,12.74,12.99,2769801.0,35863829.67,-1.0663
2024-04-11,12.93,13.12,12.5,12.55,3039261.0,39018571.49,-3.3872
2024-04-12,12.51,12.94,12.5,12.78,2449400.0,31177340.8,1.8327
2024-04-15,12.68,13.27,11.77,12.33,4764248.0,60202571.8,-3.5211
2024-04-16,12.15,12.39,11.34,12.1,3977828.0,47601455.96,-1.8654
2024-04-17,12.32,12.64,12.09,12.27,2679548.0,33078210.88,1.405
2024-04-18,12.27,12.52,11.89,12.29,2184080.0,26792370.8,0.163
2024-04-19,12.3,12.3,11.98,12.16,1758324.0,21308334.85,-1.0578
2024-04-22,12.16,12.45,11.96,12.44,1816980.0,22329046.0,2.3026
2024-04-23,12.45,12.69,12.25,12.42,2391080.0,29715251.6,-0.1608
2024-04-24,12.53,13.25,12.43,13.07,4065417.0,52515054.8,5.2335
2024-04-25,12.98,13.08,12.85,12.95,1969520.0,25516591.6,-0.9181
2024-04-26,12.97,13.32,12.81,13.24,3255240.0,42801417.0,2.2394
2024-04-29,13.15,13.43,12.95,13.15,3669520.0,48149259.8,-0.6798
2024-04-30,13.22,13.53,13.15,13.29,2924721.0,39031712.77,1.0646
2024-05-06,13.35,13.57,13.27,13.55,2748627.0,36871045.07,1.9564
2024-05-07,13.5,13.74,13.46,13.68,2387178.0,32492063.06,0.9594
2024-05-08,13.74,13.84,13.41,13.44,1734980.0,23561006.2,-1.7544
2024-05-09,13.55,13.69,13.44,13.67,1715020.0,23364963.4,1.7113
2024-05-10,13.69,13.98,13.62,13.81,2274260.0,31379551.0,1.0241
2024-05-13,13.77,14.08,13.51,13.93,2684560.0,37316865.0,0.8689
2024-05-14,13.85,14.29,13.8,14.2,2559300.0,36235644.2,1.9383
2024-05-15,14.25,14.25,13.94,14.03,1837711.0,25865243.83,-1.1972
2024-05-16,14.1,14.11,13.75,13.9,2350827.0,32623515.2,-0.9266
2024-05-17,13.91,13.97,13.63,13.76,1596108.0,21979485.0,-1.0072
2024-05-20,13.75,13.86,13.72,13.84,1340093.0,18486378.96,0.5814
2024-05-21,13.82,13.84,13.63,13.76,979068.0,13443586.88,-0.578
2024-05-22,13.69,13.89,13.6,13.67,1078720.0,14794733.8,-0.6541
2024-05-23,13.68,13.75,13.32,13.38,1023860.0,13753688.6,-2.1214
2024-05-24,13.38,13.49,13.26,13.26,697580.0,9326876.6,-0.8969
2024-05-27,13.26,13.52,13.23,13.42,863500.0,11540534.0,1.2066
2024-05-28,13.43,13.5,13.18,13.2,914278.0,12161096.6,-1.6393
2024-05-29,13.23,13.42,13.04,13.16,1008078.0,13340272.02,-0.303
2024-05-30,13.27,13.28,13.06,13.14,657607.0,8664755.86,-0.152
2024-05-31,13.11,13.25,13.06,13.21,763991.0,10056464.7,0.5327
2024-06-03,13.34,13.34,12.86,12.96,1143738.0,14890504.84,-1.8925
2024-06-04,12.93,13.08,12.63,12.82,1119807.0,14301030.26,-1.0802
2024-06-05,12.71,12.82,12.4,12.48,1595820.0,19971649.8,-2.6521
2024-06-06,12.44,12.55,11.81,12.04,1732564.0,21014547.36,-3.5256
2024-06-07,12.15,12.61,12.0,12.55,1422385.0,17648031.4,4.2359
2024-06-11,12.44,12.55,12.12,12.38,973900.0,11956525.2,-1.3546
2024-06-12,12.43,12.85,12.35,12.77,995259.0,12619038.31,3.1502
2024-06-13,12.67,12.84,12.57,12.72,677207.0,8603968.22,-0.3915
2024-06-14,12.78,12.78,12.57,12.67,598827.0,7570558.49,-0.3931
2024-06-17,12.69,12.7,12.35,12.38,790208.0,9874470.64,-2.2889
2024-06-18,12.38,12.49,12.15,12.39,1090120.0,13436326.8,0.0808
2024-06-19,12.27,12.32,12.11,12.17,625920.0,7627802.4,-0.1641
2024-06-20,12.26,12.36,11.96,12.08,1268740.0,15426934.0,-0.7395
2024-06-21,12.08,12.4,11.97,12.39,770380.0,9448663.4,2.5662
2024-06-24,12.29,12.29,11.8,11.9,1113280.0,13286059.4,-3.9548
2024-06-25,11.94,12.09,11.87,11.95,687399.0,8236194.51,0.4202
2024-06-26,11.95,12.34,11.92,12.33,662344.0,8064372.32,3.1799
2024-06-27,12.34,12.53,12.21,12.23,674872.0,8346596.12,-0.811
2024-06-28,12.21,12.43,12.16,12.25,590504.0,7255227.84,0.1635
2024-07-01,12.3,12.44,12.12,12.41,683860.0,8413898.2,1.3061
2024-07-02,12.41,12.54,12.26,12.29,749200.0,9309098.4,-0.967
2024-07-03,12.29,12.43,12.17,12.19,789224.0,9692028.56,-0.8137
2024-07-04,12.21,12.3,11.81,11.82,683220.0,8199979.36,-3.0353
2024-07-05,11.81,12.13,11.81,12.02,565520.0,6764237.2,1.692
2024-07-08,12.23,12.23,11.81,11.84,719060.0,8583950.4,-1.4975
2024-07-09,11.87,11.98,11.5,11.85,843220.0,9931422.8,0.0845
2024-07-10,11.73,11.87,11.66,11.79,517128.0,6087089.92,-0.5063
2024-07-11,11.9,12.26,11.89,12.17,893640.0,10823786.0,3.2231
2024-07-12,12.05,12.32,12.02,12.06,594573.0,7217531.55,-0.9039
2024-07-15,12.01,12.16,11.9,12.03,627880.0,7524732.8,-0.2488
2024-07-16,11.98,11.99,11.77,11.85,592060.0,7011217.8,-1.4963
2024-07-17,11.91,12.05,11.76,11.85,383500.0,4545527.8,0.0
2024-07-18,11.77,11.82,11.56,11.77,574600.0,6721717.73,-0.6751
2024-07-19,11.66,11.7,11.41,11.47,1454287.0,16733957.01,-2.5489
2024-07-22,11.4,11.49,10.94,11.26,1839827.0,20561199.6,-1.8309
2024-07-23,11.24,11.35,11.05,11.05,893860.0,9972735.52,-1.865
2024-07-24,11.0,11.1,10.86,10.88,761220.0,8333080.82,-1.5385
2024-07-25,10.88,11.11,10.72,10.99,719188.0,7878581.68,1.011
2024-07-26,11.02,11.17,11.0,11.07,575618.0,6374225.29,0.7279
2024-07-29,11.07,11.07,10.81,10.87,701965.0,7652760.15,-1.8067
2024-07-30,10.87,11.06,10.82,11.01,458360.0,5022271.4,1.2879
2024-07-31,11.03,11.38,11.02,11.34,737920.0,8308563.8,2.9973
2024-08-01,11.25,11.49,11.25,11.36,688760.0,7843156.8,0.1764
2024-08-02,11.01,11.08,10.72,10.92,1780940.0,19500480.6,-3.8732
2024-08-05,10.88,11.04,10.57,10.57,1330880.0,14358333.2,-3.2051
2024-08-06,10.76,10.89,10.66,10.84,1104000.0,11934558.0,2.5544
2024-08-07,10.86,11.0,10.86,10.97,986224.0,10804434.32,1.1993
2024-08-08,10.97,11.16,10.86,11.06,828520.0,9130305.5,0.8204
2024-08-09,11.1,11.15,11.0,11.05,558812.0,6197081.88,-0.0904
2024-08-12,11.05,11.12,10.95,11.01,492340.0,5431212.8,-0.362
2024-08-13,11.03,11.13,10.87,11.07,760540.0,8392521.2,0.545
2024-08-14,11.07,11.09,10.8,10.91,755727.0,8242709.68,-1.4453
2024-08-15,10.9,11.11,10.82,11.08,852920.0,9388390.2,1.5582
2024-08-16,11.03,11.11,10.88,10.93,615480.0,6747608.2,-1.3538
2024-08-19,10.62,10.7,10.28,10.35,2562553.0,26908446.64,-5.3065
2024-08-20,10.35,10.36,10.18,10.18,1292864.0,13253709.44,-1.6425
2024-08-21,10.13,10.42,10.08,10.25,1086800.0,11166589.6,0.6876
2024-08-22,10.3,10.37,10.15,10.16,668140.0,6848847.6,-0.878
2024-08-23,10.16,10.22,10.0,10.06,755000.0,7618742.2,-0.9843
2024-08-26,10.06,10.31,10.04,10.3,906460.0,9260980.8,2.3857
2024-08-27,10.33,10.34,10.14,10.18,537040.0,5498613.8,-1.165
2024-08-28,10.14,10.45,10.09,10.39,951480.0,9831816.2,2.0629
2024-08-29,10.33,10.54,10.31,10.54,776600.0,8128010.0,1.4437
2024-08-30,10.62,10.72,10.48,10.59,998880.0,10611913.0,0.4744
2024-09-02,10.59,10.76,10.51,10.56,874460.0,9281562.2,-0.2833
2024-09-03,10.59,10.67,10.49,10.63,545340.0,5783408.0,0.6629
2024-09-04,10.58,10.69,10.52,10.66,818940.0,8705396.8,0.2822
2024-09-05,10.6,10.77,10.55,10.71,936120.0,9992015.2,0.469
2024-09-06,10.68,10.73,10.36,10.45,759880.0,7981265.6,-2.4276
2024-09-09,10.46,10.52,10.3,10.41,710080.0,7373340.6,-0.3828
2024-09-10,10.41,10.51,10.25,10.47,769067.0,8013079.73,0.5764
2024-09-11,10.43,10.61,10.37,10.43,686900.0,7216873.0,-0.382
2024-09-12,10.49,10.52,10.33,10.34,623180.0,6481621.0,-0.8629
2024-09-13,10.33,10.38,10.05,10.09,791200.0,8064055.6,-2.4178
2024-09-18,10.02,10.15,9.82,10.09,1100060.0,10951829.8,0.0
2024-09-19,10.1,10.43,10.09,10.35,879340.0,9063606.0,2.5768
2024-09-20,10.5,10.5,10.21,10.3,598960.0,6162667.0,-0.4831
2024-09-23,10.25,10.43,10.21,10.36,602300.0,6225447.4,0.5825
2024-09-24,10.34,10.68,10.33,10.67,1307640.0,13777349.2,2.9923
2024-09-25,10.74,10.96,10.71,10.72,1168876.0,12661191.64,0.4686
2024-09-26,10.79,11.05,10.69,11.04,953900.0,10391958.2,2.9851
2024-09-27,11.28,11.61,11.12,11.5,1724500.0,19606270.8,4.1667
2024-09-30,11.9,12.52,11.68,12.44,4087248.0,49788052.04,8.1739
2024-10-08,13.45,13.68,12.28,13.2,5286696.0,69186262.84,6.1093
2024-10-09,12.78,12.88,12.07,12.07,3252728.0,40377265.84,-8.5606
2024-10-10,12.2,12.49,11.85,12.28,2020020.0,24665048.52,1.7399
2024-10-11,12.38,12.39,11.86,12.06,1376088.0,16663765.72,-1.7915
2024-10-14,12.08,12.29,11.83,12.13,1350136.0,16288271.26,0.5804
2024-10-15,12.12,12.34,11.83,11.83,1203462.0,14474987.2,-2.4732
2024-10-16,11.77,12.0,11.68,11.89,922520.0,10962719.0,0.5072
2024-10-17,11.95,12.09,11.68,11.78,936840.0,11174983.2,-0.9251
2024-10-18,11.82,12.38,11.78,12.36,2230397.0,26959140.55,4.9236
2024-10-21,12.7,12.7,12.21,12.28,2588669.0,32091380.49,-0.6472
2024-10-22,12.27,12.77,12.26,12.49,3001465.0,37547352.37,1.7101
2024-10-23,12.58,12.69,12.39,12.45,2368528.0,29566409.88,-0.3203
2024-10-24,12.41,12.64,12.39,12.54,1454920.0,18218808.2,0.7229
2024-10-25,12.53,12.74,12.53,12.66,2131628.0,26926816.12,0.9569
2024-10-28,12.68,13.29,12.68,13.2,2964058.0,38538594.4,4.2654
2024-10-29,13.4,13.45,12.86,12.94,2780548.0,36352373.64,-1.9697
2024-10-30,13.01,13.2,12.74,12.86,1781316.0,23010190.12,-0.6182
2024-10-31,12.86,13.15,12.8,12.84,1669928.0,21550670.4,-0.1555
2024-11-01,12.84,12.98,12.51,12.58,2084280.0,26514932.0,-2.0249
2024-11-04,12.68,12.95,12.57,12.94,1663288.0,21217195.4,2.8617
2024-11-05,12.95,13.01,12.8,12.98,2365880.0,30552129.04,0.3091
2024-11-06,12.97,13.07,12.83,12.94,1801955.0,23320264.87,-0.3082
2024-11-07,12.82,13.18,12.82,13.14,1966426.0,25717055.24,1.5456
2024-11-08,13.25,13.28,12.83,13.03,2151968.0,28032406.04,-0.8371
2024-11-11,13.03,13.19,12.95,13.1,1772354.0,23148909.38,0.5372
2024-11-12,13.14,13.46,13.1,13.24,2678488.0,35590694.64,1.0687
2024-11-13,13.24,13.49,13.1,13.47,2273280.0,30246121.8,1.7372
2024-11-14,13.5,14.76,13.36,13.85,6848720.0,96377299.8,2.8211
2024-11-15,13.65,14.49,13.65,14.38,6875021.0,97747905.12,3.8267
2024-11-18,14.23,14.37,13.57,13.66,4630620.0,64339696.6,-5.007
2024-11-19,13.61,14.2,13.5,14.15,4244046.0,58925332.65,3.5871
2024-11-20,14.13,14.3,13.88,14.08,3178810.0,44597796.0,-0.4947
2024-11-21,14.15,14.29,13.86,14.18,3218828.0,45353970.24,0.7102
2024-11-22,14.1,14.31,13.57,13.59,2956268.0,41116469.56,-4.1608
2024-11-25,13.54,13.83,13.54,13.81,2071460.0,28394520.4,1.6188
2024-11-26,13.76,14.08,13.69,13.8,1767184.0,24559948.92,-0.0724
2024-11-27,13.69,14.58,13.43,14.57,4561948.0,64173840.88,5.5797
2024-11-28,14.28,15.37,14.28,14.47,7639839.0,113237505.27,-0.6863
2024-11-29,14.5,14.63,14.25,14.34,4341122.0,62734189.0,-0.8984
2024-12-02,14.44,15.77,14.3,15.77,5817125.0,89979043.25,9.9721
2024-12-03,16.71,17.35,16.71,17.35,6060856.0,103385835.9,10.019
2024-12-04,18.22,19.09,17.22,19.09,27785223.0,512757166.01,10.0288
2024-12-05,18.42,18.48,17.18,17.18,21733556.0,380054425.03,-10.0052
2024-12-06,16.5,16.8,15.85,16.03,14951376.0,241056018.35,-6.6938
2024-12-09,15.78,16.28,15.6,15.95,8561235.0,136193719.47,-0.4991
2024-12-10,16.39,16.43,15.85,15.87,8815016.0,142309612.9,-0.5016
2024-12-11,15.8,16.22,15.71,16.2,6625746.0,106567985.36,2.0794
2024-12-12,16.25,17.04,16.09,17.04,10141885.0,169129088.98,5.1852
2024-12-13,16.8,17.74,16.45,17.02,10175331.0,174064239.28,-0.1174
2024-12-16,17.05,17.38,16.59,16.73,6542321.0,110936585.45,-1.7039
2024-12-17,16.82,16.99,15.93,16.03,4729349.0,77083721.78,-4.1841
2024-12-18,16.0,16.16,15.73,16.0,3779320.0,60439000.8,-0.1871
2024-12-19,15.88,16.48,15.8,16.3,4386723.0,70996158.26,1.875
2024-12-20,16.27,17.15,16.06,16.58,5327886.0,89288542.53,1.7178
2024-12-23,16.59,16.59,15.7,15.75,4660160.0,74773155.2,-5.006
2024-12-24,15.7,15.93,15.33,15.73,3090009.0,48270578.45,-0.127
2024-12-25,15.74,15.74,15.0,15.29,2799440.0,42743058.2,-2.7972
2024-12-26,15.28,15.65,15.28,15.43,2353720.0,36529164.2,0.9156
2024-12-27,15.46,15.75,15.3,15.61,1800260.0,28057195.6,1.1666
2024-12-30,15.5,16.47,15.2,15.83,4172455.0,66770294.9,1.4094
2024-12-31,16.32,16.61,15.73,15.83,3444571.0,55185229.05,0.0
2025-01-02,15.83,16.99,15.83,16.35,7218220.0,119429555.65,3.2849
2025-01-03,16.29,17.26,15.75,16.84,9565354.0,159808630.78,2.9969
2025-01-06,16.85,17.86,15.95,16.98,9606780.0,162723652.2,0.8314
2025-01-07,16.79,17.1,16.23,16.91,7004367.0,116646799.76,-0.4122
2025-01-08,16.69,16.83,16.01,16.56,5644120.0,92812523.2,-2.0698
2025-01-09,16.41,16.83,16.21,16.27,4428747.0,72805044.66,-1.7512
2025-01-10,16.29,16.39,15.37,15.39,5773300.0,91422934.8,-5.4087
2025-01-13,15.16,15.18,14.61,14.93,3189020.0,47505899.6,-2.989
2025-01-14,15.0,15.6,15.0,15.58,3528500.0,54234956.0,4.3537
2025-01-15,15.7,17.14,15.7,17.14,6956715.0,116690267.3,10.0128
2025-01-16,16.87,17.66,16.74,17.03,13169306.0,226115766.18,-0.6418
2025-01-17,16.78,18.3,16.78,17.44,14950480.0,261450213.8,2.4075
2025-01-20,17.45,17.68,17.16,17.27,9340120.0,162494523.0,-0.9748
2025-01-21,17.4,17.5,16.76,17.13,6218060.0,105733149.2,-0.8107
2025-01-22,17.13,17.24,16.73,17.03,4856600.0,82298293.6,-0.5838
2025-01-23,17.15,17.21,16.62,16.62,5433910.0,91712171.1,-2.4075
2025-01-24,16.63,16.88,16.47,16.88,3905563.0,65289343.46,1.5644
2025-01-27,16.89,17.17,16.73,16.88,4390980.0,74416210.0,0.0
2025-02-05,16.87,16.88,15.88,16.06,6278560.0,101556556.6,-4.8578
2025-02-06,16.05,16.44,15.92,16.37,4289391.0,69794189.62,1.9303
2025-02-07,16.44,16.8,16.25,16.65,4060100.0,67169711.6,1.7104
2025-02-10,16.65,16.8,16.42,16.72,3063520.0,50855163.4,0.4204
2025-02-11,16.71,16.94,16.63,16.8,3437500.0,57627274.8,0.4785
2025-02-12,16.81,16.96,16.55,16.64,2810000.0,46825233.0,-0.9524
2025-02-13,16.64,16.64,16.19,16.33,2729720.0,44673865.2,-1.863
2025-02-14,16.22,16.4,16.05,16.26,2494020.0,40462823.6,-0.4287
2025-02-17,16.25,16.45,16.15,16.32,2513240.0,40919724.0,0.369
2025-02-18,16.34,16.46,15.55,15.59,3848620.0,61295365.2,-4.473
2025-02-19,15.6,15.88,15.6,15.88,2211360.0,34936434.6,1.8602
2025-02-20,15.85,16.08,15.65,15.89,2664560.0,42239113.2,0.063
2025-02-21,15.93,15.95,15.51,15.62,2743640.0,42907924.4,-1.6992
2025-02-24,15.62,15.75,15.41,15.61,2392340.0,37241468.0,-0.064
2025-02-25,15.49,15.54,15.3,15.36,1723403.0,26572455.28,-1.6015
2025-02-26,15.39,15.87,15.39,15.61,2866839.0,44855209.6,1.6276
2025-02-27,15.61,16.1,15.61,16.05,5642750.0,89729158.02,2.8187
2025-02-28,15.9,16.35,15.68,15.74,5022300.0,79815029.8,-1.9315
2025-03-03,15.85,16.16,15.44,15.57,3531760.0,55725572.0,-1.0801
2025-03-04,15.43,15.65,15.33,15.53,2169180.0,33646106.6,-0.2569
2025-03-05,15.54,15.65,15.15,15.3,2467008.0,37639456.04,-1.481
2025-03-06,15.36,15.37,15.2,15.36,2154640.0,32969423.2,0.3922
2025-03-07,15.32,15.52,15.2,15.37,2673863.0,41070059.75,0.0651
2025-03-10,15.34,15.51,15.29,15.46,1482240.0,22813013.6,0.5856
2025-03-11,15.33,15.46,15.17,15.46,1515060.0,23198785.6,0.0
2025-03-12,15.42,16.08,15.42,15.82,3739420.0,58775499.8,2.3286
2025-03-13,15.86,16.19,15.63,15.99,4482720.0,71414173.8,1.0746
2025-03-14,15.99,16.55,15.9,16.35,5964860.0,97192694.6,2.2514
2025-03-17,16.41,16.65,16.12,16.16,4741540.0,77335623.6,-1.1621
2025-03-18,16.23,17.0,15.92,16.85,7294820.0,120422217.6,4.2698
2025-03-19,16.86,16.86,16.47,16.58,3134320.0,52086596.6,-1.6024
2025-03-20,16.6,16.74,16.38,16.39,2205520.0,36314293.8,-1.146
2025-03-21,16.37,16.4,16.0,16.1,2066074.0,33442619.43,-1.7694
2025-03-24,16.18,16.66,15.98,16.65,5326500.0,87204869.45,3.4161
2025-03-25,16.51,16.64,16.03,16.3,3644888.0,59290745.52,-2.1021
2025-03-26,16.31,16.64,16.2,16.45,2757560.0,45445500.0,0.9202
2025-03-27,16.44,16.66,16.18,16.27,2490020.0,40851271.6,-1.0942
2025-03-28,16.29,16.5,15.81,15.83,3427300.0,55152159.8,-2.7044
2025-03-31,15.52,15.73,15.22,15.42,2467580.0,38108846.4,-2.59
2025-04-01,15.47,15.88,15.47,15.6,1754740.0,27524286.2,1.1673
2025-04-02,15.62,16.02,15.5,15.82,2080120.0,32992129.2,1.4103
2025-04-03,15.54,15.59,14.85,15.03,4966780.0,74857116.4,-4.9937
2025-04-07,14.08,14.24,13.53,13.53,1644500.0,22499714.8,-9.98
2025-04-08,13.05,13.33,12.19,12.48,6644080.0,83902504.8,-7.7605
2025-04-09,12.1,12.48,11.33,12.41,4931220.0,59271018.6,-0.5609
2025-04-10,12.96,13.65,12.96,13.65,3193208.0,42947276.8,9.9919
2025-04-11,13.64,13.64,13.14,13.47,4556748.0,60920516.88,-1.3187
2025-04-14,13.62,14.08,13.52,13.82,4117128.0,57114991.04,2.5984
2025-04-15,13.82,14.08,13.64,13.91,2717948.0,37740286.4,0.6512
2025-04-16,13.93,14.0,13.34,13.66,2047120.0,27902811.6,-1.7973
2025-04-17,13.67,14.23,13.44,14.05,3308540.0,46378852.6,2.8551
2025-04-18,14.1,14.35,13.81,14.01,3090800.0,43433779.0,-0.2847
2025-04-21,14.08,15.41,13.89,15.41,10000840.0,150259147.8,9.9929
2025-04-22,14.82,15.1,14.58,14.95,12120571.0,180368659.6,-2.9851
2025-04-23,14.86,15.18,14.72,15.01,8889644.0,133335616.04,0.4013
2025-04-24,14.51,16.51,14.49,15.69,20417266.0,322545066.23,4.5303
2025-04-25,15.17,15.49,14.8,14.81,13589161.0,204624327.64,-5.6087
2025-04-28,14.84,14.92,14.0,14.09,8376578.0,119283665.66,-4.8616
2025-04-29,13.96,14.89,13.82,14.34,7208200.0,103397016.44,1.7743
2025-04-30,14.5,15.54,14.5,14.64,6513100.0,97101182.2,2.0921
2025-05-06,14.98,15.3,14.79,15.19,6117780.0,92560868.6,3.7568
2025-05-07,15.42,15.65,14.96,15.07,4902177.0,74957230.02,-0.79
2025-05-08,15.0,15.44,15.0,15.14,4001900.0,60848071.2,0.4645
2025-05-09,15.12,15.85,15.05,15.39,6496384.0,100018586.3,1.6513
2025-05-12,15.49,16.18,15.45,15.62,5433169.0,84897606.6,1.4945
2025-05-13,15.98,16.03,15.65,15.88,5570982.0,88271788.08,1.6645
2025-05-14,15.84,16.26,15.5,16.06,6885247.0,109617078.77,1.1335
2025-05-15,16.0,17.0,15.85,16.47,10319680.0,169789352.4,2.5529
2025-05-16,16.39,17.4,16.13,17.13,14384580.0,243194277.7,4.0073
2025-05-19,16.87,18.84,16.66,18.84,14627800.0,258362571.49,9.9825
2025-05-20,18.93,20.72,18.84,20.72,18102545.0,363647333.75,9.9788
2025-05-21,21.79,22.79,20.28,20.69,35471238.0,771947762.84,-0.1448
2025-05-22,19.68,21.6,18.62,18.62,26756604.0,525523788.0,-10.0048
2025-05-23,18.51,19.48,18.2,18.85,20160731.0,382324992.65,1.2352
2025-05-26,18.38,18.98,18.11,18.74,15670979.0,289700583.37,-0.5836
2025-05-27,18.44,19.79,18.21,19.39,21232918.0,402738083.9,3.4685
2025-05-28,18.9,19.07,17.88,18.44,14365502.0,263981358.88,-4.8994
2025-05-29,18.25,18.38,17.93,17.99,11057190.0,200352414.0,-2.4403
2025-05-30,17.76,18.18,17.68,17.81,6929400.0,124040766.31,-1.0006
2025-06-03,17.65,19.05,17.65,18.69,12890856.0,238526523.88,4.941
2025-06-04,18.62,20.18,18.62,19.9,19956339.0,389129886.26,6.4741
2025-06-05,19.8,21.25,19.7,20.28,17740983.0,363975816.41,1.9095
2025-06-06,20.33,20.52,19.73,19.9,10856324.0,217372906.76,-1.8738
2025-06-09,20.25,20.43,19.7,19.82,6388820.0,127613540.2,-0.402
2025-06-10,19.8,21.29,19.7,20.5,11243940.0,231039787.6,3.4309
2025-06-11,20.69,21.25,20.4,20.63,8944419.0,185907317.22,0.6341
2025-06-12,20.55,22.44,20.55,21.68,12794654.0,276131881.26,5.0897
2025-06-13,21.66,23.1,21.21,22.37,13526856.0,302647850.97,3.1827
2025-06-16,22.0,22.29,21.21,21.63,9760620.0,211092681.4,-3.308
2025-06-17,21.66,21.88,20.79,20.95,6638116.0,139984402.84,-3.1438
2025-06-18,20.7,20.99,20.38,20.75,4797000.0,99291300.2,-0.9547
2025-06-19,20.89,20.99,19.8,19.95,6275600.0,126150208.8,-3.8554
2025-06-20,19.88,20.43,19.79,19.83,4548980.0,90992540.2,-0.6015
